<?xml version="1.0" encoding="UTF-8"?>
<project-private xmlns="http://www.netbeans.org/ns/project-private/1">
    <editor-bookmarks xmlns="http://www.netbeans.org/ns/editor-bookmarks/1"/>
    <open-files xmlns="http://www.netbeans.org/ns/projectui-open-files/1">
        <file>file:/D:/Active/Dev_Active/zOSGI/zLookup/org.imagejdev.image.convert/src/org/imagejdev/image/convert/IImageService.java</file>
        <file>file:/D:/Active/Dev_Active/zOSGI/zLookup/org.imagejdev.image.convert/src/org/imagejdev/image/convertconsumer/ConvertConsumer.java</file>
        <file>file:/D:/Active/Dev_Active/zOSGI/zLookup/org.imagejdev.image.convert/src/org/imagejdev/image/convertservice/ImageConverter.java</file>
        <file>file:/D:/Active/Dev_Active/zOSGI/zLookup/org.imagejdev.image.convert/build/classes/META-INF/services/org.imagejdev.image.convert.IImageService</file>
    </open-files>
</project-private>
